{"cameraMode":{"drawMode":0,"name":"Shaded","section":"Shading Mode"},"sceneLighting":true,"audioPlay":false,"sceneViewState":{"m_AlwaysRefresh":false,"showFog":true,"showSkybox":true,"showFlares":true,"showImageEffects":true,"showParticleSystems":true,"showVisualEffectGraphs":true,"m_FxEnabled":true},"in2DMode":false,"pivot":{"x":73.00641632080078,"y":-131.61154174804688,"z":124.52596282958985},"rotation":{"x":-0.47865262627601626,"y":-0.26459890604019167,"z":0.15389101207256318,"w":-0.822932779788971},"size":124.91566467285156,"orthographic":false}